Year,Jan,Feb,Mar,Apr,May,Jun,Jul,Aug,Sep,Oct,Nov,Dec
2014,6.6,6.7,6.7,6.2,6.3,6.1,6.2,6.1,5.9,5.7,5.8,5.6
2015,5.7,5.5,5.4,5.4,5.6,5.3,5.2,5.1,5,5,5.1,5
2016,4.8,4.9,5,5.1,4.8,4.9,4.8,4.9,5,4.9,4.7,4.7
2017,4.7,4.6,4.4,4.4,4.4,4.3,4.3,4.4,4.3,4.2,4.2,4.1
2018,4,4.1,4,4,3.8,4,3.8,3.8,3.7,3.8,3.8,3.9
2019,4,3.8,3.8,3.7,3.6,3.6,3.7,3.6,3.5,3.6,3.6,3.6
2020,3.6,3.5,4.4,14.8,13.2,11,10.2,8.4,7.8,6.8,6.7,6.7
2021,6.4,6.2,6.1,6.1,5.8,5.9,5.4,5.1,4.7,4.5,4.1,3.9
2022,4,3.8,3.6,3.7,3.6,3.6,3.5,3.6,3.5,3.6,3.6,3.5
2023,3.4,3.6,3.5,3.4,3.7,3.6,3.5,3.8,3.8,3.8,3.7,3.7
2024,3.7,3.9,3.8,3.9,4,4.1,4.3,4.2,4.1,4.1,,
